Business File Number,License Type,Entity Name,Trade Name,Current License Status,Expiration Date,Facility Street Number,Facility Pre-Direction,Facility Street Name,Facility Street Type,Facility Unit Number,Facility City,Facility Zip Code
2014-BFN-0003949,Retail Marijuana Store,"RJJ SHERIDAN, LLC",NATIVE ROOTS LITTLETON,License Issued - Active,1/21/2019 12:00:00 AM,7870.0,W,QUINCY,AVE,,DENVER,80123.0
2013-BFN-1068512,Medical Marijuana Center,"RJJ SHERIDAN, LLC",NATIVE ROOTS LITTLETON,License Issued - Active,10/3/2019 12:00:00 AM,7870.0,W,QUINCY,AVE,,DENVER,80123.0
2016-BFN-0004094,Retail Marijuana Store,"JVT ENTERPRISES, INC.",COLORADO CANNABIS CONNECTION,License Issued - Active,5/5/2019 12:00:00 AM,4550.0,S,KIPLING,ST,4,DENVER,80127.0
2014-BFN-1071718,Medical Marijuana Center,"JVT ENTERPRISES, INC.",COLORADO CANNABIS CONNECTION,License Issued - Active,7/8/2019 12:00:00 AM,4550.0,S,KIPLING,ST,4,DENVER,80127.0
2010-BFN-1045692,Medical Marijuana Center,"ALTERNATIVE MEDICINE ON THE MALL, LLC",NATIVE ROOTS APOTHECARY,License Issued - Active,3/12/2019 12:00:00 AM,910.0,,16TH,ST,805,DENVER,80202.0
2010-BFN-1045890,Medical Marijuana Center,LOTUS MEDICAL LLC,,License Issued - Active,12/2/2019 12:00:00 AM,1444.0,,WAZEE,ST,115,DENVER,80202.0
2013-BFN-1069174,Retail Marijuana Store,"DJR COLORADO, LLC",,License Issued - Active,2/10/2019 12:00:00 AM,1620.0,,Market,,5W,Denver,80202.0
2010-BFN-1045677,Medical Marijuana Center,1617 WAZEE STREET LLC,LODO WELLNESS CENTER,License Issued - Active,5/22/2019 12:00:00 AM,1617.0,,Wazee,,B,Denver,80202.0
2010-BFN-1045926,Medical Marijuana Center,"COMPASSIONATE CARE GIVERS, INC.",ROCKY MOUNTAIN HIGH,License Issued - Active,9/11/2019 12:00:00 AM,1538.0,,WAZEE,ST,100,DENVER,80202.0
2013-BFN-1069426,Retail Marijuana Store,"COMPASSIONATE CARE GIVERS, INC",ROCKY MOUNTAIN HIGH,License Issued - Active,3/24/2019 12:00:00 AM,1538.0,,WAZEE,ST,100,DENVER,80202.0
2013-BFN-1069409,Retail Marijuana Store,JS INVESTMENTS LLC,EUFLORA,License Issued - Active,3/26/2019 12:00:00 AM,403.0,,16TH,ST,001,DENVER,80202.0
2017-BFN-0006975,Retail Marijuana Store,"THE GREEN SOLUTION, LLC",,License Issued - Active,1/26/2020 12:00:00 AM,1995.0,,WEWATTA,ST,,DENVER,80202.0
2010-BFN-1045925,Medical Marijuana Center,COMPASSIONATE CARE GIVERS INC,CANNABIS STATION,License Issued - Active,7/11/2019 12:00:00 AM,1201.0,,20TH,ST,,DENVER,80202.0
2013-BFN-1070405,Retail Marijuana Store,"COMPASSIONATE CARE GIVERS, INC",CANNABIS STATION,License Issued - Active,6/9/2019 12:00:00 AM,1201.0,,20TH,ST,,DENVER,80202.0
2013-BFN-1069253,Retail Marijuana Store,"1617 WAZEE STREET, LLC",LODO WELLNESS CENTER,License Issued - Active,1/1/2020 12:00:00 AM,1617.0,,WAZEE,ST,B,DENVER,80202.0
2013-BFN-1069055,Retail Marijuana Store,"ALTERNATIVE MEDICINE ON THE MALL, LLC",NATIVE ROOTS APOTHECARY,License Issued - Active,2/18/2019 12:00:00 AM,910.0,,16TH,ST,805,DENVER,80202.0
2010-BFN-1045824,Medical Marijuana Center,"DJR COLORADO, LLC",,License Issued - Active,9/10/2019 12:00:00 AM,1620.0,,MARKET,ST,5W,DENVER,80202.0
2010-BFN-1045407,Medical Marijuana Center,"JVJC HOLDINGS II, LLC",,License Issued - Active,9/9/2019 12:00:00 AM,105.0,E,7TH,AVE,,DENVER,80203.0
2013-BFN-1069488,Retail Marijuana Store,"GREEN KIWI 2, LLC",LIVWELL,License Issued - Active,2/24/2019 12:00:00 AM,1660.0,N,PEARL,ST,,DENVER,80203.0
2010-BFN-1045781,Medical Marijuana Center,"SWEETWATER PARTNERS, LLC",GOOD CHEMISTRY,License Issued - Active,6/7/2019 12:00:00 AM,330.0,E,COLFAX,AVE,,DENVER,80203.0
2013-BFN-1069798,Retail Marijuana Store,"ARES STRATEGIES, INC",TERRAPIN CARE STATION,License Issued - Active,5/22/2019 12:00:00 AM,1.0,,BROADWAY,,A-150,DENVER,80203.0
2015-BFN-0005338,Medical Marijuana Center,"MMRD, LLC",,License Issued - Active,3/15/2019 12:00:00 AM,1250.0,N,Grant,ST,,Denver,80203.0
2015-BFN-0001350,Retail Marijuana Store,PG RETAIL I LLC,MILE HIGH GREEN CROSS,License Issued - Active,7/2/2019 12:00:00 AM,852.0,N,BROADWAY,,,DENVER,80203.0
2010-BFN-1045897,Medical Marijuana Center,"ABUNDANT HEALTH DENVER, LLC",HERBAN UNDERGROUND,License Issued - Active,9/11/2019 12:00:00 AM,70.0,N,BROADWAY,,50,DENVER,80203.0
2013-BFN-1068965,Retail Marijuana Store,SWEETWATER PARTNERS LLC,GOOD CHEMISTRY,License Issued - Active,1/7/2020 12:00:00 AM,330.0,E,COLFAX,AVE,,DENVER,80203.0
2010-BFN-1048491,Medical Marijuana Center,"PEAK HOLDINGS GROUP, LLC",PEAK,License Issued - Active,12/18/2019 12:00:00 AM,260.0,N,BROADWAY,,,DENVER,80203.0
2010-BFN-1045517,Medical Marijuana Center,"GREEN KIWI 2, LLC",LIVWELL,License Issued - Active,11/9/2019 12:00:00 AM,1660.0,N,PEARL,ST,,DENVER,80203.0
2013-BFN-1069355,Retail Marijuana Store,"MAGNA MARKETING, INC",HERBS 4 YOU,License Issued - Active,2/18/2019 12:00:00 AM,20.0,E,9TH,AVE,,DENVER,80203.0
2014-BFN-1073782,Retail Marijuana Store,"ABUNDANT HEALTH DENVER, LLC",HERBAN UNDERGROUND,License Issued - Active,3/25/2019 12:00:00 AM,70.0,N,BROADWAY,,50,DENVER,80203.0
2010-BFN-1045682,Medical Marijuana Center,"DISCOUNT MEDICAL MARIJUANA, LLC",HIGH LEVEL HEALTH,License Issued - Active,5/18/2019 12:00:00 AM,970.0,N,LINCOLN,ST,,DENVER,80203.0
2015-BFN-0006106,Retail Marijuana Store,"LIGHTSHADE LABS, LLC",LIGHTSHADE,License Issued - Active,2/3/2019 12:00:00 AM,745.0,E,6TH,AVE,,DENVER,80203.0
2014-BFN-0003085,Retail Marijuana Store,"PEAK HOLDINGS GROUP, LLC",PEAK DISPENSARY,License Issued - Active,10/16/2019 12:00:00 AM,260.0,N,BROADWAY,,,DENVER,80203.0
2014-BFN-0005610,Retail Marijuana Store,"JVJC HOLDINGS II, LLC",,License Issued - Active,3/18/2019 12:00:00 AM,105.0,E,7TH,AVE,,DENVER,80203.0
2013-BFN-1069396,Retail Marijuana Store,DISCOUNT MEDICAL MARIJUANA LLC,HIGH LEVEL HEALTH,License Issued - Active,1/21/2019 12:00:00 AM,970.0,N,LINCOLN,ST,,DENVER,80203.0
2013-BFN-1069215,Retail Marijuana Store,"A CUT OFF THE TOP MEDICAL MARIJUANA, LLC",,License Issued - Active,11/24/2019 12:00:00 AM,2059.0,W,9TH,AVE,,DENVER,80204.0
2016-BFN-0007402,Retail Marijuana Store,"YUMA WAY, LLC",1136 YUMA,License Issued - Active,11/6/2019 12:00:00 AM,1136.0,N,YUMA,CT,,DENVER,80204.0
2014-BFN-0004053,Retail Marijuana Store,"CANNABIS FOR HEALTH, LLC",PIG N' WHISTLE,License Issued - Active,6/9/2019 12:00:00 AM,4801.0,W,COLFAX,AVE,,DENVER,80204.0
2010-BFN-1045858,Medical Marijuana Center,HG LTD,HIGHER GRADE,License Issued - Active,9/10/2019 12:00:00 AM,1269.0,N,ELATI,ST,,DENVER,80204.0
2014-BFN-0003908,Medical Marijuana Center,"PINEAPPLE EXCHANGE, LLC",PINEAPPLE EXCHANGE,License Issued - Active,8/27/2019 12:00:00 AM,2895.0,W,8TH,AVE,,DENVER,80204.0
2010-BFN-1046035,Medical Marijuana Center,"FIREHOUSE ORGANICS CENTRAL, LLC",FIREHOUSE ORGANICS,License Issued - Active,9/11/2019 12:00:00 AM,543.0,,BRYANT,ST,,DENVER,80204.0
2013-BFN-1070248,Retail Marijuana Store,"GMC, LLC",GREEN MAN CANNABIS,License Issued - Active,2/10/2019 12:00:00 AM,1355.0,N,SANTA FE,DR,F,DENVER,80204.0
2010-BFN-1048130,Medical Marijuana Center,A CUT OFF THE TOP MEDICAL MARIJUANA LLC,,License Issued - Active,10/25/2019 12:00:00 AM,2059.0,W,9TH,AVE,,DENVER,80204.0
2010-BFN-1048331,Medical Marijuana Center,"CURE MEDICAL PHARM, INC.",RIVERROCK,License Issued - Active,9/11/2019 12:00:00 AM,990.0,W,6TH,AVE,5,DENVER,80204.0
2015-BFN-0008113,Retail Marijuana Store,"HERBAL HEALTH, LLC",LOCAL PRODUCT OF COLORADO,License Issued - Active,4/6/2019 12:00:00 AM,419.0,W,13TH,AVE,,DENVER,80204.0
2010-BFN-1045704,Medical Marijuana Center,"5280 WELLNESS, LLC",MMJ AMERICA GOLDEN TRIANGLE,License Issued - Active,4/6/2019 12:00:00 AM,1321.0,N,ELATI,ST,,DENVER,80204.0
2010-BFN-1045443,Medical Marijuana Center,ALLGREENS LLC,,License Issued - Active,12/2/2019 12:00:00 AM,762.0,N,KALAMATH,ST,,DENVER,80204.0
2013-BFN-1069092,Retail Marijuana Store,"MILE HIGH MEDICAL CANNABIS, LLC",LIT,License Issued - Active,1/1/2020 12:00:00 AM,1630.0,N,FEDERAL,BLVD,,DENVER,80204.0
2013-BFN-1070316,Retail Marijuana Store,CURE MEDICAL PHARM INC.,RIVERROCK,License Issued - Active,3/17/2019 12:00:00 AM,990.0,W,6TH,AVE,5,DENVER,80204.0
2010-BFN-1045691,Medical Marijuana Center,"HERBAL HEALTH, LLC",LOCAL PRODUCT OF COLORADO,License Issued - Active,10/24/2019 12:00:00 AM,419.0,W,13TH,AVE,,DENVER,80204.0
2014-BFN-1070938,Retail Marijuana Store,ALPINE HERBAL WELLNESS LLC,FROSTED LEAF,License Issued - Active,5/2/2019 12:00:00 AM,445.0,N,FEDERAL,BLVD,,DENVER,80204.0
2013-BFN-1068848,Retail Marijuana Store,GT VENTURES I LLC,PANDO,License Issued - Active,1/1/2020 12:00:00 AM,777.0,N,CANOSA,CT,102,DENVER,80204.0
2013-BFN-1069776,Retail Marijuana Store,HG LTD,HIGHER GRADE,License Issued - Active,2/14/2019 12:00:00 AM,1269.0,N,ELATI,ST,,DENVER,80204.0
2010-BFN-1045784,Medical Marijuana Center,"SOUTHWEST ALTERNATIVE CARE, LLC",,License Issued - Active,9/10/2019 12:00:00 AM,3937.0,W,COLFAX,AVE,,DENVER,80204.0
2010-BFN-1045425,Medical Marijuana Center,"CANNABIS FOR HEALTH, LLC",PIG N' WHISTLE,License Issued - Active,8/10/2019 12:00:00 AM,4801.0,W,COLFAX,AVE,,DENVER,80204.0
2015-BFN-0001752,Retail Marijuana Store,SOUTHWEST ALTERNATIVE CARE LLC,,License Issued - Active,11/25/2019 12:00:00 AM,3937.0,W,COLFAX,AVE,,DENVER,80204.0
2014-BFN-0005236,Retail Marijuana Store,COLORADO CANNABIS COMPANY LLC,PURE MEDICAL DISPENSARY,License Issued - Active,3/31/2019 12:00:00 AM,1133.0,,BANNOCK,ST,,DENVER,80204.0
2010-BFN-1045920,Medical Marijuana Center,"3B-UMATILLA, LLC",BUDDY BOY,License Issued - Active,9/10/2019 12:00:00 AM,777.0,N,UMATILLA,ST,,DENVER,80204.0
2015-BFN-0007650,Medical Marijuana Center,YUMA WAY LLC,1136 YUMA,License Issued - Active,10/10/2019 12:00:00 AM,1136.0,N,YUMA,CT,,DENVER,80204.0
2010-BFN-1045831,Medical Marijuana Center,"MILE HIGH MEDICAL CANNABIS, LLC",LIT,License Issued - Active,9/11/2019 12:00:00 AM,1630.0,N,Federal,,,Denver,80204.0
2010-BFN-1045413,Medical Marijuana Center,"COLORADO CANNABIS COMPANY, LLC",PURE MEDICAL DISPENSARY,License Issued - Active,6/11/2019 12:00:00 AM,1133.0,N,BANNOCK,ST,,DENVER,80204.0
2014-BFN-0004260,Medical Marijuana Center,KTA LLC,THE LODGE,License Issued - Active,2/10/2019 12:00:00 AM,3944.0,N,HIGH,ST,,DENVER,80205.0
2010-BFN-1045404,Medical Marijuana Center,"DENVER PATIENTS GROUP, LLC",LIV WELL,License Issued - Active,12/9/2019 12:00:00 AM,2863.0,,LARIMER,ST,B,DENVER,80205.0
2010-BFN-1045904,Medical Marijuana Center,BALLPARK HOLISTIC DISPENSARY CORP,BALLPARK HOLISTIC DISPENSARY,License Issued - Active,12/19/2019 12:00:00 AM,2119.0,,LARIMER,ST,1,DENVER,80205.0
2014-BFN-0002263,Retail Marijuana Store,BALLPARK HOLISTIC DISPENSARY CORP,BALLPARK HOLISTIC DISPSENSARY,License Issued - Active,8/25/2019 12:00:00 AM,2119.0,,LARIMER,ST,1,DENVER,80205.0
2015-BFN-0000480,Retail Marijuana Store,"UNIVERSAL HERBS, LLC",UNIVERSAL HERBS,License Issued - Active,9/22/2019 12:00:00 AM,800.0,,PARK AVE WEST,,,DENVER,80205.0
2010-BFN-1045803,Medical Marijuana Center,"UNIVERSAL HERBS, LLC",UNIVERSAL HERBS,License Issued - Active,1/26/2019 12:00:00 AM,800.0,,PARK AVE WEST,,,DENVER,80205.0
2010-BFN-1045859,Medical Marijuana Center,"RINO SUPPLY CO, INC.",,License Issued - Active,9/10/2019 12:00:00 AM,3100.0,,BLAKE,ST,,DENVER,80205.0
2017-BFN-0000775,Retail Marijuana Store,MJM HOLDINGS LIMITED,STICKY FINGERZ,License Issued - Active,6/28/2019 12:00:00 AM,3954.0,N,WILLIAMS,ST,,DENVER,80205.0
2016-BFN-0007492,Retail Marijuana Store,KTA LLC,THE LODGE,License Issued - Active,6/2/2019 12:00:00 AM,3944.0,N,HIGH,ST,,DENVER,80205.0
2014-BFN-0004813,Retail Marijuana Store,"TWOG-WALNUT, LLC",BUDDY BOY,License Issued - Active,3/26/2019 12:00:00 AM,3814.0,,WALNUT,ST,,DENVER,80205.0
2013-BFN-1069489,Retail Marijuana Store,"GREEN KIWI 2, LLC",LIVWELL,License Issued - Active,2/13/2019 12:00:00 AM,3980.0,N,FRANKLIN,ST,101,DENVER,80205.0
2010-BFN-1045840,Medical Marijuana Center,"MILE HIGH MEDICAL, LLC",MMJ AMERICA UPTOWN,License Issued - Active,9/10/2019 12:00:00 AM,2042.0,,ARAPAHOE,ST,,DENVER,80205.0
2010-BFN-1046038,Medical Marijuana Center,"TWOG-WALNUT, LLC",BUDDY BOY,License Issued - Active,9/11/2019 12:00:00 AM,3814.0,,WALNUT,ST,,DENVER,80205.0
2010-BFN-1045728,Medical Marijuana Center,"DKC, LLC",DENVER KUSH CLUB,License Issued - Active,9/9/2019 12:00:00 AM,2615.0,,WELTON,ST,,DENVER,80205.0
2013-BFN-1069000,Retail Marijuana Store,"DKC, LLC",DENVER KUSH CLUB,License Issued - Active,1/1/2020 12:00:00 AM,2615.0,,WELTON,ST,,DENVER,80205.0
2013-BFN-1070404,Retail Marijuana Store,SUMMIT WELLNESS,DEN-REC DENVER RECREATIONAL DISPENSARY,License Issued - Active,7/14/2019 12:00:00 AM,2117.0,,LARIMER,ST,1,DENVER,80205.0
2013-BFN-1070230,Retail Marijuana Store,"DENVER PATIENTS GROUP, LLC",LIVWELL,License Issued - Active,3/6/2019 12:00:00 AM,2863.0,,LARIMER,ST,B,DENVER,80205.0
2013-BFN-1069003,Retail Marijuana Store,"MILE HIGH MEDICAL, LLC",MMJ AMERICA UPTOWN,License Issued - Active,1/21/2019 12:00:00 AM,2042.0,,ARAPAHOE,ST,,DENVER,80205.0
2013-BFN-1069103,Retail Marijuana Store,BOTANICO INC,,License Issued - Active,2/27/2020 12:00:00 AM,3054.0,,LARIMER,ST,,DENVER,80205.0
2010-BFN-1047947,Medical Marijuana Center,"GREEN KIWI 2, LLC",LIVWELL,License Issued - Active,11/16/2019 12:00:00 AM,3980.0,N,FRANKLIN,ST,101,DENVER,80205.0
2014-BFN-0004769,Medical Marijuana Center,MJM HOLDINGS LIMITED,STICKY FINGERZ,License Issued - Active,12/18/2019 12:00:00 AM,3954.0,N,WILLIAMS,ST,,DENVER,80205.0
2010-BFN-1045679,Medical Marijuana Center,"DISCOUNT MEDICAL MARIJUANA, LLC",HIGH LEVEL HEALTH,License Issued - Active,5/18/2019 12:00:00 AM,2028.0,E,COLFAX,AVE,,DENVER,80206.0
2010-BFN-1045851,Medical Marijuana Center,"CAREGIVERS FOR LIFE, LLC",,License Issued - Active,7/24/2019 12:00:00 AM,310.0,N,SAINT PAUL,ST,,DENVER,80206.0
2015-BFN-0000208,Retail Marijuana Store,"CG NETWORK, LLC",GROUNDSWELL,License Issued - Active,4/22/2019 12:00:00 AM,3121.0,E,COLFAX,AVE,,DENVER,80206.0
2013-BFN-1069397,Retail Marijuana Store,"DISCOUNT MEDICAL MARIJUANA, LLC",HIGH LEVEL HEALTH,License Issued - Active,4/3/2019 12:00:00 AM,2028.0,E,COLFAX,AVE,,DENVER,80206.0
2013-BFN-1069502,Retail Marijuana Store,"CAREGIVERS FOR LIFE, LLC",,License Issued - Active,2/12/2020 12:00:00 AM,310.0,N,Saint Paul,ST,,Denver,80206.0
2015-BFN-0001687,Retail Marijuana Store,"GREEN KIWI 1, LLC",LIVWELL,License Issued - Active,1/28/2019 12:00:00 AM,3955.0,N,ONEIDA,ST,,DENVER,80207.0
2010-BFN-1045805,Medical Marijuana Center,"JGB VENTURES, LLC",DANK,License Issued - Active,5/22/2019 12:00:00 AM,3835.0,N,ELM,ST,C,DENVER,80207.0
2013-BFN-1070234,Retail Marijuana Store,"LIGHTSHADE LABS, LLC",LIGHTSHADE,License Issued - Active,2/26/2019 12:00:00 AM,3950.0,N,HOLLY,ST,,DENVER,80207.0
2010-BFN-1045587,Medical Marijuana Center,"GREEN KIWI 1, LLC",LIVWELL,License Issued - Active,9/9/2019 12:00:00 AM,3955.0,N,ONEIDA,ST,,DENVER,80207.0
2013-BFN-1068866,Retail Marijuana Store,"JGB VENTURES, LLC",DANK,License Issued - Active,1/1/2020 12:00:00 AM,3835.0,N,Elm,ST,C,Denver,80207.0
2010-BFN-1048303,Medical Marijuana Center,LIGHTSHADE LABS LLC,LIGHTSHADE,License Issued - Active,9/11/2019 12:00:00 AM,3950.0,N,HOLLY,ST,,DENVER,80207.0
2010-BFN-1045746,Medical Marijuana Center,"ALPINE HERBAL WELLNESS, LLC",FROSTED LEAF,License Issued - Active,9/9/2019 12:00:00 AM,399.0,S,HARRISON,ST,,DENVER,80209.0
2010-BFN-1045700,Medical Marijuana Center,BEYOND BROADWAY LLC,LIVWELL,License Issued - Active,2/23/2019 12:00:00 AM,432.0,S,BROADWAY,,,DENVER,80209.0
2015-BFN-0004779,Medical Marijuana Center,"TOP SHELF, LLC",TOP SHELF,License Issued - Active,9/9/2019 12:00:00 AM,135.0,S,BROADWAY,,C,DENVER,80209.0
2010-BFN-1045604,Medical Marijuana Center,"BGOOD VENTURES, LLC",BGOOD,License Issued - Active,9/11/2019 12:00:00 AM,80.0,S,PENNSYLVANIA,ST,,DENVER,80209.0
2014-BFN-1070940,Retail Marijuana Store,"SERENITY MOON WELLNESS CENTER, LLC",FROSTED LEAF,License Issued - Active,4/29/2019 12:00:00 AM,399.0,S,HARRISON,ST,,DENVER,80209.0
2013-BFN-1070421,Retail Marijuana Store,"THE HERBAL CURE, LLC",,License Issued - Active,5/15/2019 12:00:00 AM,985.0,S,LOGAN,ST,,DENVER,80209.0
2010-BFN-1045865,Medical Marijuana Center,MADISON ENTERPRISES LLC,PINK HOUSE CHERRY,License Issued - Active,9/10/2018 12:00:00 AM,111.0,S,MADISON,ST,111,DENVER,80209.0
2013-BFN-1070229,Retail Marijuana Store,"BEYOND BROADWAY, LLC",LIVWELL,License Issued - Active,3/10/2019 12:00:00 AM,432.0,S,BROADWAY,,,DENVER,80209.0
2010-BFN-1045912,Medical Marijuana Center,"THE HERBAL CURE, LLC",,License Issued - Active,9/11/2019 12:00:00 AM,985.0,S,LOGAN,ST,,DENVER,80209.0
2013-BFN-1069225,Retail Marijuana Store,"URBAN CANNABIS II, LLC",HEALING HOUSE,License Issued - Active,1/1/2020 12:00:00 AM,2383.0,S,DOWNING,ST,,DENVER,80210.0
2010-BFN-1045906,Medical Marijuana Center,"LITTLE BROWN HOUSE DISPENSARY, LLC",LITTLE BROWNHOUSE DISPENSARY,License Issued - Active,2/16/2019 12:00:00 AM,1995.0,S,BROADWAY,,,DENVER,80210.0
2013-BFN-1069459,Retail Marijuana Store,"GANJA GOURMET, LLC",GANJA GOURMET,License Issued - Active,1/22/2019 12:00:00 AM,1810.0,S,BROADWAY,,,DENVER,80210.0
2013-BFN-1069615,Retail Marijuana Store,"COLORADO WELLNESS, INC.",,License Issued - Active,5/19/2019 12:00:00 AM,2057.0,S,BROADWAY,,,DENVER,80210.0
2016-BFN-0004810,Retail Marijuana Store,"BK HOLDINGS, LLC",THE HERBAL CENTER,License Issued - Active,1/11/2019 12:00:00 AM,1909.0,S,BROADWAY,,,DENVER,80210.0
2013-BFN-1068933,Retail Marijuana Store,"CITI-MED, LLC",STARBUDS,License Issued - Active,1/1/2020 12:00:00 AM,1640.0,E,EVANS,AVE,,DENVER,80210.0
2013-BFN-1069078,Retail Marijuana Store,"PATIENTS CHOICE OF COLORADO, LLC",,License Issued - Active,3/3/2019 12:00:00 AM,2251.0,S,BROADWAY,,,DENVER,80210.0
2014-BFN-1071059,Retail Marijuana Store,BACK TO THE GARDEN HEALTH & WELLNESS CENTER LLC,,License Issued - Active,5/5/2019 12:00:00 AM,1755.0,S,BROADWAY,,,DENVER,80210.0
2013-BFN-1070104,Retail Marijuana Store,"HERBAL ALTERNATIVES, LLC",NEW BROADSTERDAM,License Issued - Active,2/24/2019 12:00:00 AM,2568.0,S,BROADWAY,,,DENVER,80210.0
2013-BFN-1069392,Retail Marijuana Store,WASH PARK BOUTIQUE LLC,LUCY SKY CANNABIS BOUTIQUE,License Issued - Active,1/17/2019 12:00:00 AM,2394.0,S,BROADWAY,,,DENVER,80210.0
2010-BFN-1048423,Medical Marijuana Center,"PHILOSOPHIZE, LLC",HIGH ROLLERS,License Issued - Active,10/15/2019 12:00:00 AM,1445.0,S,PEARL,ST,,DENVER,80210.0
2015-BFN-0001351,Medical Marijuana Center,"BK HOLDINGS, LLC",THE HERBAL CENTER,License Issued - Active,8/25/2019 12:00:00 AM,1909.0,S,BROADWAY,,,DENVER,80210.0
2010-BFN-1045923,Medical Marijuana Center,HOBBY FARMS LLC,A CUT ABOVE,License Issued - Active,12/18/2019 12:00:00 AM,1911.0,S,BROADWAY,,,DENVER,80210.0
2013-BFN-1069262,Retail Marijuana Store,"WALKING RAVEN II, LLC",WALKING RAVEN,License Issued - Active,1/16/2020 12:00:00 AM,2001.0,S,BROADWAY,,,DENVER,80210.0
2010-BFN-1045782,Medical Marijuana Center,"GANJA GOURMET, LLC",GANJA GOURMET,License Issued - Active,9/10/2019 12:00:00 AM,1810.0,S,Broadway,,,Denver,80210.0
2010-BFN-1045725,Medical Marijuana Center,PATIENT'S CHOICE OF COLORADO LLC,,License Issued - Active,9/11/2019 12:00:00 AM,2251.0,S,BROADWAY,,,DENVER,80210.0
2013-BFN-1070063,Retail Marijuana Store,HEALTH DEPOT LLC,STICKY BUDS BROADWAY,License Issued - Active,3/13/2019 12:00:00 AM,2262.0,S,BROADWAY,,,DENVER,80210.0
2010-BFN-1045887,Medical Marijuana Center,"URBAN CANNABIS II, LLC",HEALING HOUSE,License Issued - Active,4/5/2019 12:00:00 AM,2383.0,S,DOWNING,ST,,DENVER,80210.0
2010-BFN-1045509,Medical Marijuana Center,WASH PARK BOUTIQUE LLC,LUCY SKY CANNABIS BOUTIQUE,License Issued - Active,11/9/2019 12:00:00 AM,2394.0,S,BROADWAY,,,DENVER,80210.0
2010-BFN-1045852,Medical Marijuana Center,"HERBAL ALTERNATIVES, LLC",NEW BROADSTERDAM,License Issued - Active,9/10/2019 12:00:00 AM,2568.0,S,BROADWAY,ST,,DENVER,80210.0
2010-BFN-1045837,Medical Marijuana Center,"HIGH COUNTRY SUPPLY, LLC",COLORADO HARVEST COMPANY,License Issued - Active,8/24/2019 12:00:00 AM,1568.0,S,BROADWAY,,,DENVER,80210.0
2010-BFN-1045789,Medical Marijuana Center,"LITTLE GREEN PHARMACY, INC",,License Issued - Active,2/24/2019 12:00:00 AM,1331.0,S,BROADWAY,,,DENVER,80210.0
2010-BFN-1045795,Medical Marijuana Center,"BACK TO THE GARDEN HEALTH & WELLNESS CENTER, LLC.",BACK TO THE GARDEN,License Issued - Active,9/10/2019 12:00:00 AM,1755.0,S,BROADWAY,,,DENVER,80210.0
2013-BFN-1069905,Retail Marijuana Store,CO-AGRONOMICS LLC,THE GREEN DEPOT,License Issued - Active,3/17/2019 12:00:00 AM,2020.0,S,BROADWAY,,,DENVER,80210.0
2010-BFN-1046299,Medical Marijuana Center,"WASH PARK BOUTIQUE, LLC",LUCY SKY CANNABIS BOUTIQUE,License Issued - Active,9/11/2019 12:00:00 AM,2215.0,E,MISSISSIPPI,AVE,,DENVER,80210.0
2013-BFN-1070079,Retail Marijuana Store,"WASH PARK BOUTIQUE, LLC",LUCY SKY CANNABIS BOUTIQUE,License Issued - Active,4/18/2019 12:00:00 AM,2215.0,E,MISSISSIPPI,AVE,,DENVER,80210.0
2013-BFN-1069365,Retail Marijuana Store,"HIGH COUNTRY SUPPLY, LLC.",COLORADO HARVEST COMPANY,License Issued - Active,1/1/2020 12:00:00 AM,1568.0,S,BROADWAY,,,DENVER,80210.0
2016-BFN-0004033,Retail Marijuana Store,HOBBY FARMS LLC,A CUT ABOVE,License Issued - Active,7/6/2019 12:00:00 AM,1911.0,S,BROADWAY,,,DENVER,80210.0
2010-BFN-1045797,Medical Marijuana Center,COLORADO WELLNESS INC,,License Issued - Active,12/27/2019 12:00:00 AM,2057.0,S,BROADWAY,,,DENVER,80210.0
2010-BFN-1045876,Medical Marijuana Center,"CITI-MED, LLC",STARBUDS,License Issued - Active,11/18/2019 12:00:00 AM,1640.0,E,EVANS,AVE,,DENVER,80210.0
2010-BFN-1045857,Medical Marijuana Center,"CO-AGRONOMICS, LLC",THE GREEN DEPOT,License Issued - Active,9/10/2018 12:00:00 AM,2020.0,S,BROADWAY,,,DENVER,80210.0
2010-BFN-1045748,Medical Marijuana Center,"SWEETWATER PARTNERS,LLC",GOOD CHEMISTRY,License Issued - Active,8/30/2019 12:00:00 AM,1724.0,S,BROADWAY,,,DENVER,80210.0
2013-BFN-1069076,Retail Marijuana Store,"DGS, INC.",THE KIND ROOM,License Issued - Active,1/22/2019 12:00:00 AM,1881.0,S,BROADWAY,,,DENVER,80210.0
2013-BFN-1069170,Retail Marijuana Store,"SWEETWATER PARTNERS, LLC",GOOD CHEMISTRY,License Issued - Active,1/13/2020 12:00:00 AM,1724.0,S,BROADWAY,,,DENVER,80210.0
2010-BFN-1045702,Medical Marijuana Center,"DGS, INC",THE KIND ROOM,License Issued - Active,9/9/2019 12:00:00 AM,1881.0,S,BROADWAY,,,DENVER,80210.0
2014-BFN-0004211,Retail Marijuana Store,"RJJ HIGHLANDS, LLC",NATIVE ROOTS HIGHLANDS,License Issued - Active,2/12/2019 12:00:00 AM,2209.0,W,32ND,AVE,,DENVER,80211.0
2013-BFN-1069587,Retail Marijuana Store,"THE GIVING TREE OF DENVER, LLC",,License Issued - Active,3/6/2019 12:00:00 AM,2707.0,W,38TH,AVE,,DENVER,80211.0
2010-BFN-1045914,Medical Marijuana Center,"RJJ HIGHLANDS, LLC",NATIVE ROOTS HIGHLANDS,License Issued - Active,9/11/2019 12:00:00 AM,2209.0,W,32ND,AVE,,DENVER,80211.0
2010-BFN-1045738,Medical Marijuana Center,"PLATTE VALLEY DISPENSARY, LLC",PLATTE VALLEY DISPENSARY,License Issued - Active,9/9/2019 12:00:00 AM,2301.0,,7TH,ST,B,DENVER,80211.0
2010-BFN-1045740,Medical Marijuana Center,"DOCTOR'S ORDERS, LLC",DOCTOR'S ORDERS,License Issued - Active,10/16/2019 12:00:00 AM,1406.0,W,38TH,AVE,,DENVER,80211.0
2015-BFN-0002149,Retail Marijuana Store,"URBAN HEALTH & WELLNESS, INC.",URBAN DISPENSARY,License Issued - Active,8/5/2019 12:00:00 AM,2675.0,W,38TH,AVE,,DENVER,80211.0
2010-BFN-1046040,Medical Marijuana Center,"THE TEA POT, LLC",,License Issued - Active,4/13/2019 12:00:00 AM,2008.0,N,FEDERAL,BLVD,,DENVER,80211.0
2010-BFN-1048452,Medical Marijuana Center,HIGHLANDS WELLNESS CENTER LLC,THE CLINIC HIGHLANDS,License Issued - Active,1/10/2020 12:00:00 AM,3460.0,W,32ND,AVE,,DENVER,80211.0
2010-BFN-1045778,Medical Marijuana Center,"FIREHOUSE ORGANICS SOUTH, LLC",HIGHER GRADE,License Issued - Active,9/9/2019 12:00:00 AM,3111.0,W,38TH,AVE,,DENVER,80211.0
2015-BFN-0008390,Medical Marijuana Center,"MHFS, LLC",GOOD CHEMISTRY,License Issued - Active,11/22/2019 12:00:00 AM,2563.0,,15TH,ST,103,DENVER,80211.0
2010-BFN-1046049,Medical Marijuana Center,STANDING AKIMBO LLC,,License Issued - Active,9/11/2019 12:00:00 AM,3801.0,N,Jason,,,Denver,80211.0
2013-BFN-1069108,Retail Marijuana Store,"DOCTOR'S ORDERS, LLC",DOCTOR'S ORDERS,License Issued - Active,9/10/2019 12:00:00 AM,1406.0,W,38TH,AVE,,DENVER,80211.0
2013-BFN-1069128,Retail Marijuana Store,HIGHLANDS WELLNESS CENTER LLC,THE CLINIC HIGHLANDS,License Issued - Active,7/3/2019 12:00:00 AM,3460.0,W,32ND,AVE,,DENVER,80211.0
2015-BFN-0006479,Retail Marijuana Store,"SIMPLY PURE COLORADO, LLC",SIMPLY PURE,License Issued - Active,12/7/2019 12:00:00 AM,2000.0,W,32ND,AVE,,DENVER,80211.0
2010-BFN-1045610,Medical Marijuana Center,URBAN HEALTH & WELLNESS INC,URBAN DISPENSARY,License Issued - Active,8/15/2019 12:00:00 AM,2675.0,W,38TH,AVE,,DENVER,80211.0
2010-BFN-1045424,Medical Marijuana Center,"THE GIVING TREE OF DENVER, LLC",,License Issued - Active,12/7/2019 12:00:00 AM,2707.0,W,38TH,AVE,,DENVER,80211.0
2014-BFN-1072818,Retail Marijuana Store,"PLATTE VALLEY DISPENSARY, LLC",PLATTE VALLEY DISPENSARY,License Issued - Active,8/4/2019 12:00:00 AM,2301.0,,7TH,ST,B,DENVER,80211.0
2010-BFN-1045623,Medical Marijuana Center,THE PURPLE DRAGON LLC,,License Issued - Active,12/13/2019 12:00:00 AM,2243.0,N,FEDERAL,BLVD,,DENVER,80211.0
2015-BFN-0002256,Medical Marijuana Center,"JPJR AND ASSOCIATES, LLC",STASH HOUSE,License Issued - Active,10/19/2019 12:00:00 AM,4707.0,N,LIPAN,ST,,DENVER,80211.0
2014-BFN-0003849,Medical Marijuana Center,"HERBAL ALTERNATIVES, LLC",SUNNYSIDE DISPENSARY,License Issued - Active,8/11/2019 12:00:00 AM,4755.0,N,LIPAN,ST,,DENVER,80211.0
2013-BFN-1065543,Medical Marijuana Center,"3B-38, LLC",BUDDY BOY,License Issued - Active,9/29/2019 12:00:00 AM,4012.0,W,38TH,AVE,,DENVER,80212.0
2014-BFN-1073564,Retail Marijuana Store,CANNABIS CORP,THE JOINT BY CANNABIS,License Issued - Active,3/20/2019 12:00:00 AM,4735.0,W,38TH,AVE,,DENVER,80212.0
2015-BFN-0001155,Medical Marijuana Center,"LEVELS IV, INC",LEVELS IV INC,License Issued - Active,11/24/2019 12:00:00 AM,5201.0,W,48TH,AVE,,DENVER,80212.0
2014-BFN-0004815,Retail Marijuana Store,"3B-38, LLC",BUDDY BOY,License Issued - Active,6/15/2019 12:00:00 AM,4012.0,W,38TH,AVE,,DENVER,80212.0
2010-BFN-1045757,Medical Marijuana Center,"FIREHOUSE ORGANICS NORTH, LLC",FIREHOUSE ORGANICS,License Issued - Active,9/9/2019 12:00:00 AM,4401.0,N,ZENOBIA,ST,,DENVER,80212.0
2016-BFN-0004024,Retail Marijuana Store,"LEVELS IV, INC",LEVELS IV INC,License Issued - Active,11/25/2019 12:00:00 AM,5201.0,W,48TH,AVE,,DENVER,80212.0
2010-BFN-1045771,Medical Marijuana Center,SISSCO LLC,TRENCHTOWN,License Issued - Active,1/19/2019 12:00:00 AM,734.0,N,SHERIDAN,BLVD,,DENVER,80214.0
2014-BFN-0002267,Retail Marijuana Store,SISSCO LLC,TRENCHTOWN,License Issued - Active,1/23/2019 12:00:00 AM,734.0,N,SHERIDAN,BLVD,,DENVER,80214.0
2018-BFN-0002890,Retail Marijuana Store,"KGBI COLORADO, LLC",SPARK DISPENSARY,License Issued - Active,10/11/2019 12:00:00 AM,3900.0,E,48th,Ave,,Denver,80216.0
2013-BFN-1068934,Retail Marijuana Store,"COLORADO HEALTH CONSULTANTS, LLC",STARBUDS,License Issued - Active,1/7/2020 12:00:00 AM,4690.0,N,BRIGHTON,BLVD,,DENVER,80216.0
2015-BFN-0008475,Medical Marijuana Center,TESLA LLC,,License Issued - Active,4/4/2019 12:00:00 AM,4155.0,N,Grape,St,,Denver,80216.0
2013-BFN-1069314,Retail Marijuana Store,TIMBERLINE HERBAL CLINIC & WELLNESS CENTER LLC,,License Issued - Active,1/3/2020 12:00:00 AM,3995.0,E,50TH,AVE,,DENVER,80216.0
2010-BFN-1048014,Medical Marijuana Center,"TWOG-YORK, LLC",BUDDY BOY,License Issued - Active,9/11/2019 12:00:00 AM,5050.0,N,YORK,ST,,DENVER,80216.0
2014-BFN-0004811,Retail Marijuana Store,"TWOG-YORK, LLC",BUDDY BOY,License Issued - Active,5/15/2019 12:00:00 AM,5050.0,N,YORK,ST,,DENVER,80216.0
2014-BFN-0002501,Medical Marijuana Center,"PHYSICIAN PREFERRED PRODUCTS, LLC","PHYSICIAN PREFERRED PRODUCTS, LLC",License Issued - Active,9/20/2019 12:00:00 AM,4080.0,N,GLOBEVILLE,RD,,DENVER,80216.0
2010-BFN-1045768,Medical Marijuana Center,"4095 SHELTER, LLC",,License Issued - Active,9/10/2019 12:00:00 AM,4095.0,N,JACKSON,ST,,DENVER,80216.0
2013-BFN-1068858,Retail Marijuana Store,"5110 SANCTUARY, LLC",EVERBLOOM,License Issued - Active,1/9/2020 12:00:00 AM,5110.0,N,RACE,ST,,DENVER,80216.0
2015-BFN-0008361,Medical Marijuana Center,"IHN HOLDINGS, LLC",5280 WEEDERY LLC,License Issued - Active,5/24/2019 12:00:00 AM,3895.0,E,45th,AVE,,Denver,80216.0
2015-BFN-0004354,Retail Marijuana Store,M.J.L.Q LLC,WHOLE MEDS,License Issued - Active,9/22/2019 12:00:00 AM,3450.0,N,BRIGHTON,BLVD,,DENVER,80216.0
2014-BFN-1072789,Retail Marijuana Store,"GAS AND GRASS, LLC",ROLLUP,License Issued - Active,8/19/2019 12:00:00 AM,4500.0,N,WASHINGTON,ST,B,DENVER,80216.0
2014-BFN-1070936,Retail Marijuana Store,FOX STREET WELLNESS LLC,FOX CANNABIS,License Issued - Active,4/18/2019 12:00:00 AM,4773.0,N,FOX,ST,,DENVER,80216.0
2013-BFN-1070317,Retail Marijuana Store,RIVERROCK LLC,RIVERROCK,License Issued - Active,3/6/2019 12:00:00 AM,4935.0,N,YORK,ST,,DENVER,80216.0
2010-BFN-1045891,Medical Marijuana Center,"M.J.L.Q., LLC",WHOLE MEDS,License Issued - Active,9/11/2019 12:00:00 AM,3450.0,N,BRIGHTON,BLVD,,DENVER,80216.0
2013-BFN-1069782,Retail Marijuana Store,DELTA-9 DELIGHTS LLC,REEFER MADNESS,License Issued - Active,6/2/2019 12:00:00 AM,4401.0,E,46TH,AVE,B,DENVER,80216.0
2010-BFN-1046698,Medical Marijuana Center,5110 SANCTUARY LLC,EVERBLOOM,License Issued - Active,9/11/2019 12:00:00 AM,5110.0,N,RACE,ST,,DENVER,80216.0
2010-BFN-1045401,Medical Marijuana Center,"VITAMEDS, LLC",MR. NICE GUYS,License Issued - Active,1/31/2019 12:00:00 AM,4501.0,N,ADAMS,ST,,DENVER,80216.0
2013-BFN-1068852,Retail Marijuana Store,"4095 SHELTER, LLC",,License Issued - Active,1/1/2020 12:00:00 AM,4095.0,N,JACKSON,ST,,DENVER,80216.0
2013-BFN-1068925,Retail Marijuana Store,"THE GREEN SOLUTION, LLC",,License Issued - Active,1/1/2020 12:00:00 AM,4400.0,,GRAPE,ST,,Denver,80216.0
2010-BFN-1048159,Medical Marijuana Center,"DENVER DISPENSARY, LLC",DENVER DISPENSARY,License Issued - Active,9/11/2019 12:00:00 AM,4975.0,N,VASQUEZ,BLVD,,DENVER,80216.0
2010-BFN-1048204,Medical Marijuana Center,"RIVERROCK, LLC",RIVERROCK WELLNESS,License Issued - Active,9/11/2019 12:00:00 AM,4935.0,N,YORK,ST,,DENVER,80216.0
2016-BFN-0004411,Retail Marijuana Store,"C.G. INDUSTRY, LLC",CROSS GENETICS,License Issued - Active,12/14/2019 12:00:00 AM,4902.0,E,SMITH,RD,C,DENVER,80216.0
2014-BFN-1073638,Medical Marijuana Center,"C.G. INDUSTRY, LLC",CROSS GENETICS,License Issued - Active,8/18/2019 12:00:00 AM,4902.0,E,SMITH,RD,C,DENVER,80216.0
2015-BFN-0001410,Medical Marijuana Center,GREEN GARDENS LLC,GREEN FIELDS,License Issued - Active,4/6/2019 12:00:00 AM,4800.0,N,BRIGHTON,BLVD,102,DENVER,80216.0
2013-BFN-1069435,Retail Marijuana Store,KAZIMER LLC,BUD CELLAR,License Issued - Active,3/3/2020 12:00:00 AM,6666.0,E,Stapleton South,DR,,Denver,80216.0
2010-BFN-1045454,Medical Marijuana Center,KAZIMER LLC,BUD CELLAR,License Issued - Active,9/9/2019 12:00:00 AM,6666.0,E,Stapleton South,DR,2,Denver,80216.0
2010-BFN-1048389,Medical Marijuana Center,"GAS AND GRASS, LLC",ROLLUP,License Issued - Active,1/4/2020 12:00:00 AM,4500.0,N,WASHINGTON,ST,B,DENVER,80216.0
2010-BFN-1045603,Medical Marijuana Center,"DENCO, LLC",,License Issued - Active,12/28/2019 12:00:00 AM,3480.0,,PARK,AVE,B,DENVER,80216.0
2013-BFN-1066867,Medical Marijuana Center,"DENCO, LLC",,License Issued - Active,9/8/2019 12:00:00 AM,5155.0,E,46TH,AVE,,DENVER,80216.0
2015-BFN-0002385,Retail Marijuana Store,"AMERICAN INDUSTRY, LLC",DENVER CLONE STORE,License Issued - Active,9/4/2019 12:00:00 AM,4571.0,N,Ivy,,,Denver,80216.0
2015-BFN-0000979,Medical Marijuana Center,CO-AGRONOMICS LLC,THE GREEN DEPOT,License Issued - Active,4/6/2019 12:00:00 AM,4414.0,N,VINE,ST,,DENVER,80216.0
2015-BFN-0005032,Retail Marijuana Store,VITA MEDS LLC,MR. NICE GUYS,License Issued - Active,10/29/2019 12:00:00 AM,4501.0,N,ADAMS,ST,,DENVER,80216.0
2010-BFN-1045446,Medical Marijuana Center,KGBI COLORADO LLC,SPARK DISPENSARY,License Issued - Active,9/9/2019 12:00:00 AM,3900.0,E,48th,,,Denver,80216.0
2015-BFN-0001509,Medical Marijuana Center,"WEISS & COMPANY, LLC",,License Issued - Active,11/6/2019 12:00:00 AM,3722.0,,Chestnut,,,Denver,80216.0
2013-BFN-1070422,Retail Marijuana Store,"DENVER DISPENSARY, LLC","DENVER DISPENSARY, LLC",License Issued - Active,6/25/2019 12:00:00 AM,4975.0,N,VASQUEZ,BLVD,,DENVER,80216.0
2010-BFN-1046101,Medical Marijuana Center,"AMERICAN INDUSTRY, LLC",DENVER CLONE STORE,License Issued - Active,5/22/2019 12:00:00 AM,4571.0,N,IVY,ST,,DENVER,80216.0
2013-BFN-1069230,Retail Marijuana Store,DENCO LLC,,License Issued - Active,1/1/2020 12:00:00 AM,3480.0,,PARK,AVE,B,DENVER,80216.0
2010-BFN-1045395,Medical Marijuana Center,"JVJC HOLDINGS III, LLC",,License Issued - Active,9/9/2019 12:00:00 AM,5194.0,N,WASHINGTON,ST,,DENVER,80216.0
2010-BFN-1045767,Medical Marijuana Center,DELTA-9 DELIGHTS LLC,REEFER MADNESS,License Issued - Active,9/9/2019 12:00:00 AM,4401.0,E,46th,,B,Denver,80216.0
2010-BFN-1048382,Medical Marijuana Center,"505 CENTER, LLC",PURE MEDICAL DISPENSARY,License Issued - Active,10/8/2019 12:00:00 AM,505.0,W,40TH,AVE,,DENVER,80216.0
2010-BFN-1048057,Medical Marijuana Center,"FOX STREET  WELLNESS, LLC",FOX CANNABIS,License Issued - Active,9/11/2019 12:00:00 AM,4773.0,N,Fox,,,Denver,80216.0
2015-BFN-0007611,Medical Marijuana Center,"LOST CREEK VENTURES, INC",BONFIRE CANNABIS COMPANY,License Issued - Active,3/1/2019 12:00:00 AM,4837.0,N,WASHINGTON,ST,100,DENVER,80216.0
2015-BFN-0000860,Retail Marijuana Store,"505 CENTER, LLC",PURE MEDICAL DISPENSARY,License Issued - Active,5/18/2019 12:00:00 AM,505.0,W,40TH,AVE,,DENVER,80216.0
2013-BFN-1068869,Retail Marijuana Store,L3ASTOCKCOMPLEX LLC,EUFLORA,License Issued - Active,1/1/2020 12:00:00 AM,4305.0,N,BRIGHTON,BLVD,,DENVER,80216.0
2014-BFN-1070935,Retail Marijuana Store,"JVJC HOLDINGS III, LLC",,License Issued - Active,4/18/2019 12:00:00 AM,5194.0,N,WASHINGTON,ST,,DENVER,80216.0
2014-BFN-0003250,Retail Marijuana Store,"DENCO, LLC",,License Issued - Active,9/3/2019 12:00:00 AM,5155.0,E,46TH,AVE,,DENVER,80216.0
2013-BFN-1069051,Retail Marijuana Store,"NATURES CURE III, LLC",THE COLFAX POT SHOP,License Issued - Active,3/19/2019 12:00:00 AM,1500.0,E,COLFAX,AVE,,DENVER,80218.0
2013-BFN-1068988,Retail Marijuana Store,"MAYFLOWER GROUP, LLC",THE HEALTH CENTER,License Issued - Active,1/1/2020 12:00:00 AM,1736.0,N,DOWNING,ST,,DENVER,80218.0
2013-BFN-1068898,Retail Marijuana Store,ALTERNATIVE MEDICINE ON CAPITOL HILL LLC,,License Issued - Active,1/9/2020 12:00:00 AM,1301.0,N,MARION,ST,,DENVER,80218.0
2010-BFN-1045510,Medical Marijuana Center,ALTERNATIVE MEDICINE ON CAPITOL HILL LLC,,License Issued - Active,11/30/2019 12:00:00 AM,1301.0,N,MARION,ST,,DENVER,80218.0
2010-BFN-1047706,Medical Marijuana Center,"NATURES CURE III, LLC",THE COLFAX POT SHOP,License Issued - Active,9/11/2019 12:00:00 AM,1500.0,E,COLFAX,AVE,,DENVER,80218.0
2010-BFN-1047290,Medical Marijuana Center,"MAYFLOWER GROUP, LLC",THE HEALTH CENTER,License Issued - Active,4/12/2019 12:00:00 AM,1736.0,N,DOWNING,ST,,DENVER,80218.0
2010-BFN-1045806,Medical Marijuana Center,"TWOG-FEDERAL, LLC",BUDDY BOY,License Issued - Active,9/10/2019 12:00:00 AM,2426.0,S,FEDERAL,BLVD,,DENVER,80219.0
2013-BFN-1066098,Medical Marijuana Center,"CG INDUSTRY, LLC",CROSS GENETICS,License Issued - Active,9/29/2019 12:00:00 AM,2440.0,W,EVANS,AVE,,DENVER,80219.0
2013-BFN-1070430,Retail Marijuana Store,HIGH STREET GROWERS LLC,,License Issued - Active,4/29/2019 12:00:00 AM,330.0,N,FEDERAL,BLVD,,DENVER,80219.0
2012-BFN-1061009,Medical Marijuana Center,"STONE T.M.C., LLC",THE STONE DISPENSARY,License Issued - Active,9/8/2019 12:00:00 AM,4820.0,,Morrison,,,Denver,80219.0
2013-BFN-1069019,Retail Marijuana Store,"MILE HIGH THERAPEUTIC NETWORK, LLC",ALTITUDE WEST,License Issued - Active,1/2/2020 12:00:00 AM,1568.0,S,FEDERAL,BLVD,,DENVER,80219.0
2010-BFN-1045715,Medical Marijuana Center,"COLORADO COLITAS, LLC",HERBAL REMEDIES,License Issued - Active,9/9/2019 12:00:00 AM,5109.0,W,ALAMEDA,AVE,,DENVER,80219.0
2010-BFN-1045907,Medical Marijuana Center,"HIGH STREET GROWERS, LLC.",,License Issued - Active,9/11/2019 12:00:00 AM,330.0,N,FEDERAL,BLVD,,DENVER,80219.0
2013-BFN-1068928,Retail Marijuana Store,"THE GREEN SOLUTION, LLC",,License Issued - Active,1/1/2020 12:00:00 AM,2601.0,W,ALAMEDA,AVE,,DENVER,80219.0
2010-BFN-1045802,Medical Marijuana Center,"AMERICAN INDUSTRY, LLC",DENVER CLONE STORE,License Issued - Active,1/9/2020 12:00:00 AM,755.0,S,Federal,BLVD,5,Denver,80219.0
2016-BFN-0004876,Retail Marijuana Store,"TWO G-FEDERAL, LLC",BUDDY BOY,License Issued - Active,8/16/2019 12:00:00 AM,2426.0,S,FEDERAL,BLVD,,DENVER,80219.0
2014-BFN-0003138,Retail Marijuana Store,"AMERICAN INDUSTRY, LLC",DENVER CLONE STORE,License Issued - Active,12/17/2019 12:00:00 AM,755.0,S,FEDERAL,BLVD,5,DENVER,80219.0
2010-BFN-1045847,Medical Marijuana Center,"ROYAL ASSET MANAGEMENT, LLC",ROYAL RESIN,License Issued - Active,9/10/2019 12:00:00 AM,2949.0,W,ALAMEDA,AVE,,DENVER,80219.0
2013-BFN-1065290,Medical Marijuana Center,CONCENTRATE LLC,WOLF PAC CANNABIS,License Issued - Active,7/18/2019 12:00:00 AM,74.0,N,FEDERAL,BLVD,,DENVER,80219.0
2013-BFN-1068850,Retail Marijuana Store,CONCENTRATE LLC,CONCENTRATE,License Issued - Active,1/1/2020 12:00:00 AM,74.0,N,FEDERAL,BLVD,,DENVER,80219.0
2010-BFN-1045916,Medical Marijuana Center,"3B-FEDERAL1, LLC",BUDDY BOY,License Issued - Active,9/10/2019 12:00:00 AM,155.0,N,FEDERAL,BLVD,,DENVER,80219.0
2013-BFN-1069081,Retail Marijuana Store,"RJJ MORRISON II, LLC","NATIVE ROOTS MORRISON, NATIVE ROOTS WEST DENVER",License Issued - Active,1/15/2019 12:00:00 AM,4000.0,,MORRISON,RD,,DENVER,80219.0
2013-BFN-1069249,Retail Marijuana Store,STONE T.M.C. LLC,THE STONE DISPENSARY,License Issued - Active,12/4/2019 12:00:00 AM,4820.0,,MORRISON,RD,,DENVER,80219.0
2015-BFN-0008069,Retail Marijuana Store,KTA LLC,THE LODGE,License Issued - Active,10/6/2019 12:00:00 AM,82.0,S,FEDERAL,BLVD,,DENVER,80219.0
2013-BFN-1069656,Retail Marijuana Store,"ALCC, LLC",THE DAB BY NEXT HARVEST,License Issued - Active,4/17/2019 12:00:00 AM,2748.0,W,ALAMEDA,AVE,,DENVER,80219.0
2015-BFN-0007821,Retail Marijuana Store,"ROYAL ASSET MANAGEMENT, LLC",ROYAL RESIN,License Issued - Active,11/7/2019 12:00:00 AM,2949.0,W,ALAMEDA,AVE,,DENVER,80219.0
2013-BFN-1069382,Retail Marijuana Store,"WDG, INC.",BEMINDFUL,License Issued - Active,2/13/2019 12:00:00 AM,5926.0,E,COLFAX,AVE,,DENVER,80220.0
2014-BFN-1073780,Retail Marijuana Store,HEALTH DEPOT LLC,STICKY BUDS - COLFAX,License Issued - Active,9/3/2019 12:00:00 AM,4615.0,E,COLFAX,AVE,,DENVER,80220.0
2013-BFN-1070007,Retail Marijuana Store,"METRO CANNABIS, INC.",SILVER STEM FINE CANNABIS,License Issued - Active,4/15/2019 12:00:00 AM,8151.0,E,COLFAX,AVE,,DENVER,80220.0
2010-BFN-1045489,Medical Marijuana Center,4625 EAST COLFAX LLC,THE CLINIC ON COLFAX,License Issued - Active,12/21/2019 12:00:00 AM,4625.0,E,COLFAX,AVE,,DENVER,80220.0
2015-BFN-0006731,Retail Marijuana Store,RME GROUP LLC,AFFINITY,License Issued - Active,1/8/2020 12:00:00 AM,7739.0,E,COLFAX,AVE,,DENVER,80220.0
2010-BFN-1045653,Medical Marijuana Center,"RME GROUP, LLC",AFFINITY,License Issued - Active,8/29/2019 12:00:00 AM,7739.0,E,COLFAX,AVE,,DENVER,80220.0
2014-BFN-1074182,Retail Marijuana Store,"SERENITY MOON WELLNESS CENTER, LLC",FROSTED LEAF,License Issued - Active,9/10/2019 12:00:00 AM,6302.0,E,COLFAX,AVE,,DENVER,80220.0
2017-BFN-0002554,Retail Marijuana Store,GREENER PASTURE COMPASSION CENTER LLC,VERDE NATURAL,License Issued - Active,10/30/2019 12:00:00 AM,5101.0,E,COLFAX,AVE,,DENVER,80220.0
2013-BFN-1069099,Retail Marijuana Store,"DRAGON PARTNERS, LLC",GREEN DRAGON COLORADO,License Issued - Active,1/24/2019 12:00:00 AM,5130.0,E,COLFAX,AVE,,DENVER,80220.0
2015-BFN-0001994,Retail Marijuana Store,HADCAV ENTERPRISES INC.,PURE MEDICAL DISPENSARY,License Issued - Active,8/18/2019 12:00:00 AM,5702.0,E,COLFAX,AVE,,DENVER,80220.0
2010-BFN-1045638,Medical Marijuana Center,"GREENER PASTURE COMPASSION CENTER, LLC",VERDE NATURAL,License Issued - Active,11/16/2019 12:00:00 AM,5101.0,E,COLFAX,AVE,,DENVER,80220.0
2010-BFN-1045409,Medical Marijuana Center,"METRO CANNABIS, INC.",SILVER STEM FINE CANNABIS,License Issued - Active,11/15/2019 12:00:00 AM,8151.0,E,COLFAX,AVE,,DENVER,80220.0
2013-BFN-1069134,Retail Marijuana Store,"4625 EAST COLFAX, LLC",THE CLINIC ON COLFAX,License Issued - Active,3/6/2019 12:00:00 AM,4625.0,E,COLFAX,AVE,,DENVER,80220.0
2010-BFN-1045777,Medical Marijuana Center,"WDG, INC.",BEMINDFUL,License Issued - Active,9/10/2019 12:00:00 AM,5926.0,E,COLFAX,AVE,,DENVER,80220.0
2010-BFN-1045830,Medical Marijuana Center,HADCAV ENTERPRISES INC,PURE MEDICAL DISPENSARY,License Issued - Active,9/10/2019 12:00:00 AM,5702.0,E,COLFAX,AVE,,DENVER,80220.0
2010-BFN-1045773,Medical Marijuana Center,FL89 LLC,FROSTED LEAF,License Issued - Active,10/30/2018 12:00:00 AM,7380.0,E,COLFAX,AVE,,DENVER,80220.0
2013-BFN-1069335,Retail Marijuana Store,HOLLY MEDICINAL SERVICES LLC,THE CLINIC ON COLORADO,License Issued - Active,1/1/2020 12:00:00 AM,2020.0,S,COLORADO,BLVD,,DENVER,80222.0
2010-BFN-1047659,Medical Marijuana Center,"MEDICINAL WELLNESS CENTER, LLC",OASIS CANNABIS SUPER STORE,License Issued - Active,2/6/2019 12:00:00 AM,6359.0,E,EVANS,AVE,,DENVER,80222.0
2010-BFN-1045491,Medical Marijuana Center,"HOLLY MEDICINAL SERVICES,LLC",THE CLINIC ON COLORADO,License Issued - Active,1/20/2020 12:00:00 AM,2020.0,S,COLORADO,BLVD,,DENVER,80222.0
2010-BFN-1045766,Medical Marijuana Center,CONCENTRATE LLC,CONCENTRATE,License Issued - Active,9/9/2019 12:00:00 AM,2420.0,S,COLORADO,BLVD,,DENVER,80222.0
2013-BFN-1069518,Retail Marijuana Store,"MEDICINAL WELLNESS CENTER, LLC",OASIS CANNABIS SUPERSTORE,License Issued - Active,2/26/2019 12:00:00 AM,6359.0,E,EVANS,AVE,,DENVER,80222.0
2010-BFN-1045848,Medical Marijuana Center,"NUTRITIONAL ELEMENTS, LLC",THE HEALTH CENTER,License Issued - Active,2/6/2020 12:00:00 AM,2777.0,S,COLORADO,BLVD,,DENVER,80222.0
2013-BFN-1068991,Retail Marijuana Store,"NUTRITIONAL ELEMENTS, LLC",THE HEALTH CENTER,License Issued - Active,4/9/2019 12:00:00 AM,2777.0,S,COLORADO,BLVD,,DENVER,80222.0
2010-BFN-1045555,Medical Marijuana Center,CJJ SERVICES LLC,SACRED SEED,License Issued - Active,2/19/2019 12:00:00 AM,5885.0,E,EVANS,AVE,,DENVER,80222.0
2013-BFN-1069038,Retail Marijuana Store,"CJJ SERVICES, LLC",SACRED SEED,License Issued - Active,1/9/2020 12:00:00 AM,5885.0,E,EVANS,AVE,,DENVER,80222.0
2013-BFN-1070231,Retail Marijuana Store,"LIVWELL III, LLC",LIV WELL,License Issued - Active,5/15/2019 12:00:00 AM,1941.0,W,Evans,,,Denver,80223.0
2013-BFN-1069633,Retail Marijuana Store,"GG MERCANTILE, LLC",REDEYE RELEAF,License Issued - Active,9/10/2019 12:00:00 AM,1410.0,S,SANTA FE,DR,,DENVER,80223.0
2013-BFN-1068799,Medical Marijuana Center,"MMJ CHEROKEE, LLC",MMJ AMERICA CHEROKEE,License Issued - Active,3/10/2019 12:00:00 AM,1155.0,S,CHEROKEE,ST,,DENVER,80223.0
2014-BFN-0004312,Medical Marijuana Center,NEW AMSTERDAM ORGANICS LTD,NEW AMSTERDAM ORGANICS,License Issued - Active,5/25/2019 12:00:00 AM,150.0,N,RIO GRANDE,BLVD,,DENVER,80223.0
2016-BFN-0008826,Retail Marijuana Store,SUMMIT WELLNESS,DEN-REC DENVER RECREATIONAL DISPENSARY,License Issued - Active,7/13/2019 12:00:00 AM,2042.0,S,BANNOCK,ST,,DENVER,80223.0
2013-BFN-1069025,Retail Marijuana Store,"CANNABIS KING, LLC",GREEN DRAGON COLORADO,License Issued - Active,6/24/2019 12:00:00 AM,930.0,W,BYERS,PL,,DENVER,80223.0
2010-BFN-1045386,Medical Marijuana Center,"LIVWELL III, LLC",LIVWELL,License Issued - Active,9/9/2019 12:00:00 AM,1941.0,W,Evans,,,Denver,80223.0
2010-BFN-1048361,Medical Marijuana Center,"HIGH COUNTRY SUPPLY, LLC",COLORADO HARVEST COMPANY,License Issued - Active,3/23/2019 12:00:00 AM,1178.0,S,KALAMATH,ST,,DENVER,80223.0
2010-BFN-1045599,Medical Marijuana Center,COLORADO WELLNESS CENTERS LLC,LUSH,License Issued - Active,12/13/2019 12:00:00 AM,2490.0,W,2ND,AVE,,DENVER,80223.0
2010-BFN-1048362,Medical Marijuana Center,"MILE HIGH WELLNESS II, LLC",MILE HIGH WELLNESS - GREEN STREET,License Issued - Active,8/31/2019 12:00:00 AM,2291.0,S,KALAMATH,ST,,DENVER,80223.0
2010-BFN-1045895,Medical Marijuana Center,"NATURE MED, INC",KIND-MEDS,License Issued - Active,10/16/2019 12:00:00 AM,260.0,N,SANTA FE,DR,,DENVER,80223.0
2013-BFN-1069359,Retail Marijuana Store,KAYAK CORP,AMSTERDAM CAFE,License Issued - Active,2/18/2019 12:00:00 AM,1325.0,S,INCA,ST,A,DENVER,80223.0
2010-BFN-1045759,Medical Marijuana Center,SIMPLY PURE EDIBLES COLORADO LLC,SIMPLY PURE EDIBLES,License Issued - Active,9/30/2019 12:00:00 AM,2160.0,S,LIPAN,ST,,DENVER,80223.0
2015-BFN-0000248,Medical Marijuana Center,"SMOKED COLORADO, INC.",SMOKED,License Issued - Active,7/22/2019 12:00:00 AM,2268.0,S,DELAWARE,ST,,DENVER,80223.0
2010-BFN-1045863,Medical Marijuana Center,D&D CONSULTING INC.,SOUTHWEST ALTERNATIVE CARE FOX ST,License Issued - Active,9/10/2019 12:00:00 AM,1075.0,S,FOX,ST,,DENVER,80223.0
2014-BFN-1071510,Retail Marijuana Store,L'EAGLE SERVICES LLC,L'EAGLE,License Issued - Active,5/13/2019 12:00:00 AM,380.0,N,Quivas,ST,,Denver,80223.0
2013-BFN-1069366,Retail Marijuana Store,HIGH COUNTRY SUPPLY LLC,COLORADO HARVEST COMPANY,License Issued - Active,1/6/2020 12:00:00 AM,1178.0,S,KALAMATH,ST,,DENVER,80223.0
2010-BFN-1047807,Medical Marijuana Center,BUDDIES WELLNESS LLC,LA BODEGA,License Issued - Active,4/4/2019 12:00:00 AM,1270.0,W,CEDAR,AVE,A,DENVER,80223.0
2010-BFN-1045918,Medical Marijuana Center,"3B-KALAMATH, LLC",BUDDY BOY,License Issued - Active,9/10/2019 12:00:00 AM,120.0,S,KALAMATH,ST,,DENVER,80223.0
2016-BFN-0003367,Retail Marijuana Store,"UNIVERSAL HERBS, LLC",UNIVERSAL HERBS,License Issued - Active,2/3/2019 12:00:00 AM,755.0,S,JASON,ST,100,DENVER,80223.0
2017-BFN-0009334,Retail Marijuana Store,RIA HOLDINGS LIMITED,LAUGHING GRASS,License Issued - Active,6/25/2019 12:00:00 AM,1110.0,W,Virginia,Ave,1,Denver,80223.0
2015-BFN-0003926,Retail Marijuana Store,"GREENFIELDS, LLC",GREENFIELDS,License Issued - Active,11/9/2019 12:00:00 AM,1798.0,W,MISSISSIPPI,AVE,,DENVER,80223.0
2013-BFN-1068323,Medical Marijuana Center,"UNIVERSAL HERBS, LLC",UNIVERSAL HERBS,License Issued - Active,9/25/2019 12:00:00 AM,755.0,S,JASON,ST,100,DENVER,80223.0
2010-BFN-1045924,Medical Marijuana Center,"COMPASSIONATE CARE GIVERS, INC.",ROCKY MOUNTAIN HIGH,License Issued - Active,9/11/2019 12:00:00 AM,1233.0,W,ALAMEDA,AVE,,DENVER,80223.0
2018-BFN-0004356,Retail Marijuana Store,PERSONALIZED ORGANIC TREATMENTS LLC,Canna Botica,License Issued - Active,10/24/2019 12:00:00 AM,219.0,N,Vallejo,St,,Denver,80223.0
2016-BFN-0004809,Retail Marijuana Store,"SMOKED COLORADO, INC.",MIGHTY TREE,License Issued - Active,11/23/2019 12:00:00 AM,2268.0,S,DELAWARE,ST,,DENVER,80223.0
2010-BFN-1045839,Medical Marijuana Center,WANNA LLC,NORTHERN LIGHTS CANNABIS CO,License Issued - Active,9/10/2019 12:00:00 AM,183.0,W,ALAMEDA,AVE,,DENVER,80223.0
2010-BFN-1047913,Medical Marijuana Center,"PERSONALIZED ORGANIC TREATMENTS, LLC",CANNA BOTICA,License Issued - Active,6/5/2019 12:00:00 AM,219.0,N,VALLEJO,ST,,DENVER,80223.0
2015-BFN-0001109,Retail Marijuana Store,"MILE HIGH WELLNESS II, LLC",MILE HIGH WELLNESS - GREEN STREET,License Issued - Active,5/8/2019 12:00:00 AM,2291.0,S,KALAMATH,ST,,DENVER,80223.0
2013-BFN-1069436,Retail Marijuana Store,"COMPASSIONATE CARE GIVERS, INC",ROCKY MOUNTAIN HIGH,License Issued - Active,12/11/2019 12:00:00 AM,1233.0,W,Alameda,,,Denver,80223.0
2015-BFN-0000173,Retail Marijuana Store,THE OUNCE DEPOT LLC,THE FARMERS MARKET,License Issued - Active,5/5/2019 12:00:00 AM,2070.0,S,HURON,ST,,DENVER,80223.0
2015-BFN-0008353,Medical Marijuana Center,RIA HOLDINGS LIMITED,LAUGHING GRASS,License Issued - Active,11/29/2019 12:00:00 AM,1110.0,W,VIRGINIA,AVE,1,DENVER,80223.0
2013-BFN-1070062,Retail Marijuana Store,WANNA LLC,NORTHERN LIGHTS CANNABIS CO,License Issued - Active,3/13/2019 12:00:00 AM,183.0,W,ALAMEDA,AVE,,DENVER,80223.0
2015-BFN-0006281,Medical Marijuana Center,SUMMIT WELLNESS,DEN-REC DENVER RECREATIONAL DISPENSARY,License Issued - Active,10/2/2019 12:00:00 AM,2042.0,S,BANNOCK,ST,,DENVER,80223.0
2010-BFN-1045779,Medical Marijuana Center,"RJJ SANTA FE, LLC",NATIVE ROOTS SANTA FE,License Issued - Active,9/10/2019 12:00:00 AM,2645.0,S,Santa Fe,DR,D&E,Denver,80223.0
2010-BFN-1045706,Medical Marijuana Center,KARMACEUTICALS LLC,KARMACEUTICALS,License Issued - Active,9/11/2019 12:00:00 AM,4.0,S,SANTA FE,DR,,DENVER,80223.0
2015-BFN-0007857,Retail Marijuana Store,D & D CONSULTING INC,SOUTHWEST ALTERNATIVE CARE FOX ST,License Issued - Active,4/11/2019 12:00:00 AM,1075.0,S,FOX,ST,,DENVER,80223.0
2013-BFN-1065559,Medical Marijuana Center,"GREEN FIELDS, LLC",GREENFIELDS,License Issued - Active,9/16/2019 12:00:00 AM,1798.0,W,MISSISSIPPI,AVE,,DENVER,80223.0
2014-BFN-0005409,Retail Marijuana Store,"WELLNESS CENTER OF THE ROCKIES, INC",,License Issued - Active,3/12/2019 12:00:00 AM,6853.0,,LEETSDALE,DR,,DENVER,80224.0
2014-BFN-0004646,Retail Marijuana Store,"GMC, LLC",GREEN MAN CANNABIS,License Issued - Active,3/6/2019 12:00:00 AM,7289.0,E,HAMPDEN,AVE,,DENVER,80224.0
2010-BFN-1045695,Medical Marijuana Center,"WELLNESS CENTER OF THE ROCKIES, INC.",,License Issued - Active,8/20/2019 12:00:00 AM,6853.0,,LEETSDALE,DR,,DENVER,80224.0
2010-BFN-1045716,Medical Marijuana Center,"GMC, LLC",GREEN MAN CANNABIS,License Issued - Active,9/9/2019 12:00:00 AM,7289.0,E,HAMPDEN,AVE,,DENVER,80224.0
2010-BFN-1045894,Medical Marijuana Center,UNIQUEITMINDS INC,CHRONORADO MEDICAL,License Issued - Active,2/22/2019 12:00:00 AM,6625.0,,LEETSDALE,DR,A,DENVER,80224.0
2010-BFN-1045744,Medical Marijuana Center,GREEN CROSS LLC,GREEN CROSS OF CHERRY CREEK,License Issued - Active,3/8/2019 12:00:00 AM,3400.0,S,ONEIDA,WAY,101,DENVER,80224.0
2010-BFN-1045793,Medical Marijuana Center,"TREATMENTS UNLIMITED, LLC",ALTITUDE EAST,License Issued - Active,9/10/2019 12:00:00 AM,6858.0,E,EVANS,AVE,,DENVER,80224.0
2010-BFN-1045662,Medical Marijuana Center,"GREEN AROUND YOU, LLC","GOLDEN MEDS, INC.",License Issued - Active,1/10/2020 12:00:00 AM,970.0,S,ONEIDA,ST,17,DENVER,80224.0
2013-BFN-1069018,Retail Marijuana Store,"TREATMENTS UNLIMITED, LLC",ALTITUDE EAST,License Issued - Active,1/1/2020 12:00:00 AM,6858.0,E,EVANS,AVE,,DENVER,80224.0
2015-BFN-0000507,Retail Marijuana Store,"GREEN AROUND YOU, LLC","GOLDEN MEDS, INC.",License Issued - Active,6/22/2019 12:00:00 AM,970.0,S,ONEIDA,ST,15,DENVER,80224.0
2013-BFN-1069273,Retail Marijuana Store,TETRAHYDROCENTER LLC,"TETRAHYDROCENTER, LLC",License Issued - Active,3/7/2019 12:00:00 AM,9206.0,E,HAMPDEN,AVE,,DENVER,80231.0
2013-BFN-1069815,Retail Marijuana Store,ALTITUDE WELLNESS CENTER. LLC,NATURE'S HERBS & WELLENSS DTC,License Issued - Active,10/31/2019 12:00:00 AM,3435.0,S,YOSEMITE,ST,200,DENVER,80231.0
2010-BFN-1045835,Medical Marijuana Center,"TETRAHYDROCENTER, LLC",TETRAHYDROCENTER,License Issued - Active,5/22/2019 12:00:00 AM,9206.0,E,HAMPDEN,AVE,,DENVER,80231.0
2010-BFN-1045788,Medical Marijuana Center,"ALTITUDE WELLNESS CENTER, LLC",NATURE'S HERBS AND WELLNESS DTC,License Issued - Active,9/18/2019 12:00:00 AM,3435.0,S,YOSEMITE,ST,200,DENVER,80231.0
2010-BFN-1045856,Medical Marijuana Center,WASH PARK BOUTIQUE LLC,LUCY SKY DISPENSARY,License Issued - Active,9/11/2019 12:00:00 AM,3480.0,S,GALENA,ST,B-4,DENVER,80231.0
2010-BFN-1048555,Medical Marijuana Center,"MILE HIGH DISPENSARY, LLC",MILE HIGH DISPENSARY,License Issued - Active,9/11/2019 12:00:00 AM,1350.0,S,SHERIDAN,BLVD,1 and 2,DENVER,80232.0
2010-BFN-1047285,Medical Marijuana Center,"LIGHTSHADE LABS, LLC",LIGHTSHADE,License Issued - Active,7/1/2019 12:00:00 AM,1126.0,S,SHERIDAN,BLVD,,DENVER,80232.0
2015-BFN-0000352,Retail Marijuana Store,"MILE HIGH DISPENSARY, LLC",MILE HIGH DISPENSARY,License Issued - Active,2/26/2019 12:00:00 AM,1350.0,S,SHERIDAN,BLVD,1 & 2,DENVER,80232.0
2014-BFN-0004040,Retail Marijuana Store,"LIGHTSHADE LABS, LLC",LIGHTSHADE,License Issued - Active,3/6/2019 12:00:00 AM,1126.0,S,SHERIDAN,BLVD,,DENVER,80232.0
2013-BFN-1069682,Retail Marijuana Store,"JOIS, LLC",SILVER STEM FINE CANNABIS,License Issued - Active,2/18/2019 12:00:00 AM,3702.0,W,Quincy,,,Denver,80236.0
2010-BFN-1045403,Medical Marijuana Center,"JOIS, LLC",SILVER STEM FINE CANNABIS,License Issued - Active,9/9/2019 12:00:00 AM,3702.0,W,Quincy,,,Denver,80236.0
2013-BFN-1069131,Retail Marijuana Store,"ASCEND II, LLC",ASCEND II,License Issued - Active,7/3/2019 12:00:00 AM,3555.0,S,YOSEMITE,ST,,DENVER,80237.0
2010-BFN-1047095,Medical Marijuana Center,"ASCEND II, LLC",ASCEND II,License Issued - Active,6/5/2019 12:00:00 AM,3555.0,S,YOSEMITE,ST,,DENVER,80237.0
2013-BFN-1069592,Retail Marijuana Store,"GOLDEN MEDS, INC","GM ENTERPRISE, INC.",License Issued - Active,2/26/2019 12:00:00 AM,4620.0,N,PEORIA,ST,,DENVER,80239.0
2013-BFN-1069803,Medical Marijuana Center,"LYONS FINEST CONFIDENTIAL CARE, LLC",TUMBLEWEED,License Issued - Active,1/14/2020 12:00:00 AM,11080.0,E,47TH,AVE,,DENVER,80239.0
2010-BFN-1046023,Medical Marijuana Center,"GOLDEN MEDS, INC","GM ENTERPRISE, INC.",License Issued - Active,9/11/2019 12:00:00 AM,4620.0,N,PEORIA,ST,,DENVER,80239.0
2015-BFN-0004100,Medical Marijuana Center,TRILL EVOLUTIONS LLC,TRILL EVOLUTIONS,License Issued - Active,6/10/2019 12:00:00 AM,5550.0,N,JOLIET,ST,,DENVER,80239.0
2016-BFN-0004372,Retail Marijuana Store,BIG TOE LLC,FINE TREES,License Issued - Active,3/22/2019 12:00:00 AM,5353.0,N,JOLIET,ST,,DENVER,80239.0
2013-BFN-1070236,Retail Marijuana Store,"COLORADO FARMS, INC",LIGHTSHADE LABS,License Issued - Active,2/26/2019 12:00:00 AM,11975.0,E,40TH,AVE,,DENVER,80239.0
2013-BFN-1068510,Medical Marijuana Center,"POTCO, LLC",POTCO,License Issued - Active,7/2/2019 12:00:00 AM,11101.0,E,51ST,AVE,,DENVER,80239.0
2015-BFN-0000239,Retail Marijuana Store,"BK HOLDINGS, LLC",THE HERBAL CENTER,License Issued - Active,4/8/2019 12:00:00 AM,12005.0,E,37TH,AVE,,DENVER,80239.0
2010-BFN-1045758,Medical Marijuana Center,ASPEN FOREST LLC,MARY JANE'S HOUSE,License Issued - Active,10/23/2019 12:00:00 AM,3899.0,N,QUENTIN,ST,,DENVER,80239.0
2010-BFN-1045844,Medical Marijuana Center,"FUTUREVISION, LTD.",MEDICINE MAN,License Issued - Active,11/21/2019 12:00:00 AM,4750.0,N,NOME,ST,,DENVER,80239.0
2010-BFN-1048103,Medical Marijuana Center,"COLORADO FARMS, INC.",,License Issued - Active,12/2/2019 12:00:00 AM,11975.0,E,40TH,AVE,,DENVER,80239.0
2016-BFN-0006284,Retail Marijuana Store,"TRILL EVOLUTIONS, LLC",TRILL EVOLUTIONS,License Issued - Active,6/19/2019 12:00:00 AM,5550.0,N,Joliet,,,Denver,80239.0
2014-BFN-0004098,Medical Marijuana Center,BIG TOE LLC,FINE TREES,License Issued - Active,5/28/2019 12:00:00 AM,5353.0,N,JOLIET,ST,,DENVER,80239.0
2010-BFN-1048184,Medical Marijuana Center,"RD INDUSTRIES II, LLC",HOUSE OF DANKNESS,License Issued - Active,9/27/2019 12:00:00 AM,10555.0,E,45TH,AVE,,DENVER,80239.0
2017-BFN-0005438,Retail Marijuana Store,LBW CONSULTING GROUP LLC,,License Issued - Active,11/20/2019 12:00:00 AM,5070.0,N,Oakland,ST,,Denver,80239.0
2013-BFN-1069062,Retail Marijuana Store,"FUTUREVISION, LTD",MEDICINE MAN,License Issued - Active,1/1/2020 12:00:00 AM,4750.0,N,NOME,ST,,DENVER,80239.0
2010-BFN-1045902,Medical Marijuana Center,"BK HOLDINGS, LLC",THE HERBAL CENTER,License Issued - Active,7/1/2019 12:00:00 AM,12005.0,E,37TH,AVE,,DENVER,80239.0
2015-BFN-0004648,Retail Marijuana Store,"SHRED INVESTMENTS, LLC",HIGH WEST CANNABIS,License Issued - Active,8/5/2019 12:00:00 AM,10625.0,E,51st,AVE,100,Denver,80239.0
2010-BFN-1045818,Medical Marijuana Center,LITTLE MAN 54 LLC,,License Issued - Active,10/30/2019 12:00:00 AM,3819.0,N,QUENTIN,ST,,DENVER,80239.0
2014-BFN-0004448,Medical Marijuana Center,"LBW CONSULTING GROUP, LLC",,License Issued - Active,3/8/2019 12:00:00 AM,5070.0,N,OAKLAND,ST,,DENVER,80239.0
2013-BFN-1069096,Retail Marijuana Store,"R.D. INDUSTRIES II, LLC",HOUSE OF DANKNESS,License Issued - Active,4/11/2019 12:00:00 AM,10555.0,E,45th,AVE,,Denver,80239.0
2010-BFN-1045752,Medical Marijuana Center,"LIGHTSHADE LABS, LLC",LIGHTSHADE,License Issued - Active,5/22/2019 12:00:00 AM,330.0,S,DAYTON,ST,,DENVER,80247.0
2013-BFN-1069527,Retail Marijuana Store,"LIGHTSHADE LABS, LLC",LIGHTSHADE,License Issued - Active,2/7/2019 12:00:00 AM,330.0,S,DAYTON,ST,,DENVER,80247.0
2010-BFN-1045701,Medical Marijuana Center,"RJJ TOWER, LLC",NATIVE ROOTS DENVER AIRPORT,License Issued - Active,3/5/2019 12:00:00 AM,7050.0,N,TOWER,RD,,DENVER,80249.0
2017-BFN-0005193,Retail Marijuana Store,"RJJ TOWER, LLC",NATIVE ROOTS DENVER AIRPROT,License Issued - Active,1/17/2019 12:00:00 AM,7050.0,N,TOWER,RD,,DENVER,80249.0
2010-BFN-1048178,Medical Marijuana Center,KAYAK CORP,AMSTERDAM CAFE,License Issued - Active,3/14/2019 12:00:00 AM,1325.0,S,INCA,ST,A,DENVER,
2015-BFN-0003803,Retail Marijuana Store,"RJJ SANTA FE, LLC",NATIVE ROOTS SANTA FE,License Issued - Active,8/19/2019 12:00:00 AM,2645.0,S,Santa Fe,,D & E,Denver,
2010-BFN-1045881,Medical Marijuana Center,GT VENTURES I LLC,PANDO,License Issued - Active,8/10/2019 12:00:00 AM,777.0,N,Canosa,,102,Denver,
